<?xml version="1.0" encoding="UTF-8"?>
<project-private xmlns="http://www.netbeans.org/ns/project-private/1">
    <editor-bookmarks xmlns="http://www.netbeans.org/ns/editor-bookmarks/2" lastBookmarkId="0"/>
    <open-files xmlns="http://www.netbeans.org/ns/projectui-open-files/2">
        <group>
            <file>file:/C:/Users/afmhu/OneDrive%20-%20UNIVERSIDAD%20DE%20HUELVA/3º%20Curso/1º%20Cuatrimestre/%5BPCD%5D%20Programación%20Concurrente%20y%20Distribuida/Prácticas/Práctica%206/AlbertoFernándezPractica6/src/practica/pkg6/semáforos/Generador.java</file>
            <file>file:/C:/Users/afmhu/OneDrive%20-%20UNIVERSIDAD%20DE%20HUELVA/3º%20Curso/1º%20Cuatrimestre/%5BPCD%5D%20Programación%20Concurrente%20y%20Distribuida/Prácticas/Práctica%206/AlbertoFernándezPractica6/src/practica/pkg6/semáforos/RobotA.java</file>
            <file>file:/C:/Users/afmhu/OneDrive%20-%20UNIVERSIDAD%20DE%20HUELVA/3º%20Curso/1º%20Cuatrimestre/%5BPCD%5D%20Programación%20Concurrente%20y%20Distribuida/Prácticas/Práctica%206/AlbertoFernándezPractica6/src/practica/pkg6/semáforos/RobotG.java</file>
            <file>file:/C:/Users/afmhu/OneDrive%20-%20UNIVERSIDAD%20DE%20HUELVA/3º%20Curso/1º%20Cuatrimestre/%5BPCD%5D%20Programación%20Concurrente%20y%20Distribuida/Prácticas/Práctica%206/AlbertoFernándezPractica6/src/practica/pkg6/semáforos/CanvasP6.java</file>
        </group>
    </open-files>
</project-private>
