<?xml version="1.0" encoding="UTF-8"?>
<project-private xmlns="http://www.netbeans.org/ns/project-private/1">
    <editor-bookmarks xmlns="http://www.netbeans.org/ns/editor-bookmarks/2" lastBookmarkId="0"/>
    <open-files xmlns="http://www.netbeans.org/ns/projectui-open-files/2">
        <group>
            <file>file:/C:/Users/usuario/Desktop/Practica7/src/practica7/EstudiantePracticas.java</file>
            <file>file:/C:/Users/usuario/Desktop/Practica7/src/practica7/Revision.java</file>
            <file>file:/C:/Users/usuario/Desktop/Practica7/src/practica7/EstudianteTeoria.java</file>
            <file>file:/C:/Users/usuario/Desktop/Practica7/src/practica7/CanvasP7.java</file>
            <file>file:/C:/Users/usuario/Desktop/Practica7/src/practica7/MainWindow.java</file>
        </group>
    </open-files>
</project-private>
